INSERT INTO `divisions` (`id`, `country_id`, `title`, `is_active`, `created_at`) VALUES
(1, 1, 'Dhaka', 1, '2013-07-04 00:00:00'),
(2, 1, 'Rajshahi', 1, '2013-07-04 00:00:00'),
(3, 1, 'Rangpur', 1, '2013-07-04 15:10:00'),
(4, 1, 'Barisal', 1, '2013-07-04 15:12:00'),
(5, 1, 'Chittagong', 1, '2013-07-04 00:00:00'),
(6, 1, 'Sylhet', 1, '2013-07-04 00:00:00'),
(7, 1, 'Khulna', 1, '2013-07-04 15:10:00');

INSERT INTO `districts` (`id`, `title`, `division_id`, `is_active`, `created_at`) VALUES
(1, 'Dhaka', 1, 1, '2013-07-04 17:15:00'),
(2, 'Faridpur', 1, 1, '2013-07-04 17:15:00'),
(3, 'Gazipur', 1, 1, '2013-07-04 17:15:00'),
(4, 'Gopalganj', 1, 1, '2013-07-04 17:15:00'),
(5, 'Jamalpur', 1, 1, '2013-07-04 17:15:00'),
(6, 'Kishoreganj', 1, 1, '2013-07-04 17:15:00'),
(7, 'Madaripur', 1, 1, '2013-07-04 17:15:00'),
(8, 'Manikganj', 1, 1, '2013-07-04 17:15:00'),
(9, 'Munshiganj', 1, 1, '2013-07-04 17:15:00'),
(10, 'Mymensingh', 1, 1, '2013-07-04 17:15:00'),
(11, 'Narayanganj', 1, 1, '2013-07-04 17:15:00'),
(12, 'Netrokona', 1, 1, '2013-07-04 17:15:00'),
(13, 'Rajbari', 1, 1, '2013-07-04 17:15:00'),
(14, 'Shariatpur', 1, 1, '2013-07-04 17:15:00'),
(15, 'Sherpur', 1, 1, '2013-07-04 17:15:00'),
(16, 'Tangail', 1, 1, '2013-07-04 17:15:00'),
(17, 'Narsingdi', 1, 1, '2013-07-04 17:15:00'),
(18, 'Bogra', 2, 1, '2013-07-04 18:35:00'),
(19, 'Joypurhat', 2, 1, '2013-07-04 18:35:00'),
(20, 'Naogaon', 2, 1, '2013-07-04 18:35:00'),
(21, 'Natore', 2, 1, '2013-07-04 18:35:00'),
(22, 'Nawabganj', 2, 1, '2013-07-04 18:35:00'),
(23, 'Pabna', 2, 1, '2013-07-04 18:35:00'),
(24, 'Rajshahi', 2, 1, '2013-07-04 18:35:00'),
(25, 'Sirajganj', 2, 1, '2013-07-04 18:35:00'),
(26, 'Dinajpur', 3, 1, '2013-07-04 18:42:00'),
(27, 'Gaibandha', 3, 1, '2013-07-04 18:42:00'),
(28, 'Kurigram', 3, 1, '2013-07-04 18:42:00'),
(29, 'Lalmonirhat', 3, 1, '2013-07-04 18:42:00'),
(30, 'Nilphamari', 3, 1, '2013-07-04 18:42:00'),
(31, 'Panchagarh', 3, 1, '2013-07-04 18:42:00'),
(32, 'Rangpur', 3, 1, '2013-07-04 18:42:00'),
(33, 'Thakurgaon', 3, 1, '2013-07-04 18:42:00'),
(34, 'Barguna', 4, 1, '2013-07-04 18:42:00'),
(35, 'Barisal', 4, 1, '2013-07-04 18:42:00'),
(36, 'Bhola', 4, 1, '2013-07-04 18:42:00'),
(37, 'Jhalokati', 4, 1, '2013-07-04 18:42:00'),
(38, 'Patuakhali', 4, 1, '2013-07-04 18:42:00'),
(39, 'Pirojpur', 4, 1, '2013-07-04 18:42:00'),
(40, 'Bandarban', 5, 1, '2013-07-04 18:42:00'),
(41, 'Brahmanbaria', 5, 1, '2013-07-04 18:42:00'),
(42, 'Chandpur', 5, 1, '2013-07-04 18:42:00'),
(43, 'Chittagong', 5, 1, '2013-07-04 18:42:00'),
(44, 'Comilla', 5, 1, '2013-07-04 18:42:00'),
(45, 'Cox''s Bazar', 5, 1, '2013-07-04 18:42:00'),
(46, 'Feni', 5, 1, '2013-07-04 18:42:00'),
(47, 'Khagrachari', 5, 1, '2013-07-04 18:42:00'),
(48, 'Lakshmipur', 5, 1, '2013-07-04 18:42:00'),
(49, 'Noakhali', 5, 1, '2013-07-04 18:42:00'),
(50, 'Rangamati', 5, 1, '2013-07-04 18:42:00'),
(51, 'Habiganj', 6, 1, '2013-07-04 18:42:00'),
(52, 'Maulvibazar', 6, 1, '2013-07-04 18:42:00'),
(53, 'Sunamganj', 6, 1, '2013-07-04 18:42:00'),
(54, 'Sylhet', 6, 1, '2013-07-04 18:42:00'),
(55, 'Bagerhat', 7, 1, '2013-07-04 18:42:00'),
(56, 'Chuadanga', 7, 1, '2013-07-04 18:42:00'),
(57, 'Jessore', 7, 1, '2013-07-04 18:42:00'),
(58, 'Jhenaidah', 7, 1, '2013-07-04 18:42:00'),
(59, 'Khulna', 7, 1, '2013-07-04 18:42:00'),
(60, 'Kushtia', 7, 1, '2013-07-04 18:42:00'),
(61, 'Magura', 7, 1, '2013-07-04 18:42:00'),
(62, 'Meherpur', 7, 1, '2013-07-04 18:42:00'),
(63, 'Narail', 7, 1, '2013-07-04 18:42:00'),
(64, 'Satkhira', 7, 1, '2013-07-04 18:42:00'),
(65, 'Narshingdi', 1, 1, '2014-11-06 12:03:37'),
(66, 'keranigonj', 1, 1, '2014-11-06 12:03:38'),
(67, 'Nilphamary', 3, 1, '2014-11-06 12:03:46'),
(68, 'Sreemangal', 6, 1, '2014-11-06 12:03:49'),
(70, 'Gallamari', 7, 1, '2014-11-06 12:03:51'),
(71, 'Companigonj', 5, 1, '2014-11-06 12:03:54'),
(72, 'Panchlaish', 5, 1, '2014-11-06 12:03:54'),
(73, 'Panba', 2, 1, '2014-11-06 12:04:13'),
(74, 'Borguna', 4, 1, '2014-11-06 12:04:48'),
(75, 'Chapainawabganj', 2, 1, '2014-11-06 12:05:27'),
(76, 'Rajbari Sadar', 1, 1, '2014-11-10 12:46:21');

INSERT INTO `thanas` (`id`, `title`, `district_id`, `is_active`, `created_at`) VALUES
(1, 'Adabor', 1, 1, '2013-07-04 17:18:00'),
(2, 'Badda', 1, 1, '2013-07-04 17:18:00'),
(3, 'Bangsal', 1, 1, '2013-07-04 17:18:00'),
(4, 'Bimanbandar', 1, 1, '2013-07-04 17:18:00'),
(5, 'Cantonment', 1, 1, '2013-07-04 17:18:00'),
(6, 'Chowkbazar', 1, 1, '2013-07-04 17:18:00'),
(7, 'Dakshin khan', 1, 1, '2013-07-04 17:18:00'),
(8, 'Darus Salam', 1, 1, '2013-07-04 17:18:00'),
(9, 'Demra', 1, 1, '2013-07-04 17:18:00'),
(10, 'Dhamrai', 1, 1, '2013-07-04 17:18:00'),
(11, 'Dhanmondi', 1, 1, '2013-07-04 17:18:00'),
(12, 'Dohar', 1, 1, '2013-07-04 17:18:00'),
(13, 'Gendaria', 1, 1, '2013-07-04 17:18:00'),
(14, 'Gulshan', 1, 1, '2013-07-04 17:18:00'),
(15, 'Hazaribagh', 1, 1, '2013-07-04 17:18:00'),
(16, 'Jatrabari', 1, 1, '2013-07-04 17:18:00'),
(17, 'Kadamtali', 1, 1, '2013-07-04 17:18:00'),
(18, 'Kafrul', 1, 1, '2013-07-04 17:18:00'),
(19, 'Kalabagan', 1, 1, '2013-07-04 17:18:00'),
(20, 'Kamrangirchar', 1, 1, '2013-07-04 17:18:00'),
(21, 'Keraniganj', 1, 1, '2013-07-04 17:18:00'),
(22, 'Khilgaon', 1, 1, '2013-07-04 17:18:00'),
(23, 'Khilkhet', 1, 1, '2013-07-04 17:18:00'),
(24, 'Kotwali', 1, 1, '2013-07-04 17:18:00'),
(25, 'Lalbagh', 1, 1, '2013-07-04 17:18:00'),
(26, 'Mirpur', 1, 1, '2013-07-04 17:18:00'),
(27, 'Mohammadpur', 1, 1, '2013-07-04 17:18:00'),
(28, 'Motijheel', 1, 1, '2013-07-04 17:18:00'),
(29, 'Nawabganj', 1, 1, '2013-07-04 17:18:00'),
(30, 'Newmarket', 1, 1, '2013-07-04 17:18:00'),
(31, 'Pallabi', 1, 1, '2013-07-04 17:18:00'),
(32, 'Paltan', 1, 1, '2013-07-04 17:18:00'),
(33, 'Ramna', 1, 1, '2013-07-04 17:18:00'),
(34, 'Rampura', 1, 1, '2013-07-04 17:18:00'),
(35, 'Sabujbagh', 1, 1, '2013-07-04 17:18:00'),
(36, 'Savar', 1, 1, '2013-07-04 17:18:00'),
(37, 'Shah Ali', 1, 1, '2013-07-04 17:18:00'),
(38, 'Shahbag', 1, 1, '2013-07-04 17:18:00'),
(39, 'Sher-E-Bangla Nagar', 1, 1, '2013-07-04 17:18:00'),
(40, 'Shyampur', 1, 1, '2013-07-04 17:18:00'),
(41, 'Sutrapur', 1, 1, '2013-07-04 17:18:00'),
(42, 'Tejgaon', 1, 1, '2013-07-04 17:18:00'),
(43, 'Mohakhali', 1, 1, '2013-07-04 17:18:00'),
(44, 'Tejgaon Industrial Area', 1, 1, '2013-07-04 17:18:00'),
(45, 'Turag', 1, 1, '2013-07-04 17:18:00'),
(46, 'Uttara', 1, 1, '2013-07-04 17:18:00'),
(47, 'Uttar Khan', 1, 1, '2013-07-04 17:18:00'),
(48, 'Alfadanga', 2, 1, '0213-07-04 17:15:00'),
(49, 'Bhanga', 2, 1, '0213-07-04 17:15:00'),
(50, 'Boalmari', 2, 1, '0213-07-04 17:15:00'),
(51, 'Charbhadrasan', 2, 1, '0213-07-04 17:15:00'),
(52, 'Faridpur Sadar', 2, 1, '0213-07-04 17:15:00'),
(53, 'Madhukhali', 2, 1, '0213-07-04 17:15:00'),
(54, 'Nagarkanda', 2, 1, '0213-07-04 17:15:00'),
(55, 'Sadarpur', 2, 1, '0213-07-04 17:15:00'),
(56, 'Saltha', 2, 1, '0213-07-04 17:15:00'),
(57, 'Gazipur Sadar', 3, 1, '2013-08-13 18:50:00'),
(58, 'Kaliakair', 3, 1, '2013-08-13 18:50:00'),
(59, 'Kaliganj', 3, 1, '2013-08-13 18:50:00'),
(60, 'Kapasia', 3, 1, '2013-08-13 18:50:00'),
(61, 'Tongi Upazila', 3, 1, '2013-08-13 18:50:00'),
(62, 'Sreepur', 3, 1, '2013-08-13 18:50:00'),
(63, 'Gopalganj Sadar', 4, 1, '2013-08-13 18:50:00'),
(64, 'Kashiani', 4, 1, '2013-08-13 18:50:00'),
(65, 'Kotalipara', 4, 1, '2013-08-13 18:50:00'),
(66, 'Muksudpur', 4, 1, '2013-08-13 18:50:00'),
(67, 'Tungipara', 4, 1, '2013-08-13 18:50:00'),
(68, 'Baksiganj', 5, 1, '2013-08-13 18:50:00'),
(69, 'Dewanganj', 5, 1, '2013-08-13 18:50:00'),
(70, 'Islampur', 5, 1, '2013-08-13 18:50:00'),
(71, 'Jamalpur Sadar', 5, 1, '2013-08-13 18:50:00'),
(72, 'Madarganj', 5, 1, '2013-08-13 18:50:00'),
(73, 'Melandaha', 5, 1, '2013-08-13 18:50:00'),
(74, 'Sarishabari', 5, 1, '2013-08-13 18:50:00'),
(75, 'Astagram', 6, 1, '2013-08-13 18:50:00'),
(76, 'Bajitpur', 6, 1, '2013-08-13 18:50:00'),
(77, 'Bhairab', 6, 1, '2013-08-13 18:50:00'),
(78, 'Hossainpur', 6, 1, '2013-08-13 18:50:00'),
(79, 'Itna', 6, 1, '2013-08-13 18:50:00'),
(80, 'Karimganj', 6, 1, '2013-08-13 18:50:00'),
(81, 'Katiadi', 6, 1, '2013-08-13 18:50:00'),
(82, 'Kishoreganj Sadar', 6, 1, '2013-08-13 18:50:00'),
(83, 'Kuliarchar', 6, 1, '2013-08-13 18:50:00'),
(84, 'Mithamain', 6, 1, '2013-08-13 18:50:00'),
(85, 'Nikli', 6, 1, '2013-08-13 18:50:00'),
(86, 'Pakundia', 6, 1, '2013-08-13 18:50:00'),
(87, 'Tarail', 6, 1, '2013-08-13 18:50:00'),
(88, 'Rajoir', 7, 1, '2013-08-13 18:50:00'),
(89, 'Madaripur Sadar', 7, 1, '2013-08-13 18:50:00'),
(90, 'Kalkini', 7, 1, '2013-08-13 18:50:00'),
(91, 'Shibchar', 7, 1, '2013-08-13 18:50:00'),
(92, 'Daulatpur', 8, 1, '2013-08-13 18:50:00'),
(93, 'Ghior', 8, 1, '2013-08-13 18:50:00'),
(94, 'Harirampur', 8, 1, '2013-08-13 18:50:00'),
(95, 'Manikgonj Sadar', 8, 1, '2013-08-13 18:50:00'),
(96, 'Saturia', 8, 1, '2013-08-13 18:50:00'),
(97, 'Shivalaya', 8, 1, '2013-08-13 18:50:00'),
(98, 'Singair', 8, 1, '2013-08-13 18:50:00'),
(99, 'Gazaria', 9, 1, '2013-08-13 18:50:00'),
(100, 'Lohajang', 9, 1, '2013-08-13 18:50:00'),
(101, 'Munshiganj Sadar', 9, 1, '2013-08-13 18:50:00'),
(102, 'Sirajdikhan', 9, 1, '2013-08-13 18:50:00'),
(103, 'Sreenagar', 9, 1, '2013-08-13 18:50:00'),
(104, 'Tongibari', 9, 1, '2013-08-13 18:50:00'),
(105, 'Bhaluka', 10, 1, '2013-08-13 18:50:00'),
(106, 'Dhobaura', 10, 1, '2013-08-13 18:50:00'),
(107, 'Fulbaria', 10, 1, '2013-08-13 18:50:00'),
(108, 'Gaffargaon', 10, 1, '2013-08-13 18:50:00'),
(109, 'Gauripur', 10, 1, '2013-08-13 18:50:00'),
(110, 'Haluaghat', 10, 1, '2013-08-13 18:50:00'),
(111, 'Ishwarganj', 10, 1, '2013-08-13 18:50:00'),
(112, 'Mymensingh Sadar', 10, 1, '2013-08-13 18:50:00'),
(113, 'Muktagachha', 10, 1, '2013-08-13 18:50:00'),
(114, 'Nandail', 10, 1, '2013-08-13 18:50:00'),
(115, 'Phulpur', 10, 1, '2013-08-13 18:50:00'),
(116, 'Trishal', 10, 1, '2013-08-13 18:50:00'),
(117, 'Araihazar', 11, 1, '2013-08-13 18:50:00'),
(118, 'Bandar', 11, 1, '2013-08-13 18:50:00'),
(119, 'Narayanganj Sadar', 11, 1, '2013-08-13 18:50:00'),
(120, 'Rupganj', 11, 1, '2013-08-13 18:50:00'),
(121, 'Sonargaon', 11, 1, '2013-08-13 18:50:00'),
(122, 'Fatullah', 11, 1, '2013-08-13 18:50:00'),
(123, 'Siddhirganj', 11, 1, '2013-08-13 18:50:00'),
(124, 'Atpara', 12, 1, '2013-08-13 18:50:00'),
(125, 'Barhatta', 12, 1, '2013-08-13 18:50:00'),
(126, 'Durgapur', 12, 1, '2013-08-13 18:50:00'),
(127, 'Khaliajuri', 12, 1, '2013-08-13 18:50:00'),
(128, 'Kalmakanda', 12, 1, '2013-08-13 18:50:00'),
(129, 'Kendua', 12, 1, '2013-08-13 18:50:00'),
(130, 'Madan', 12, 1, '2013-08-13 18:50:00'),
(131, 'Mohanganj', 12, 1, '2013-08-13 18:50:00'),
(132, 'Netrokona Sadar', 12, 1, '2013-08-13 18:50:00'),
(133, 'Purbadhala', 12, 1, '2013-08-13 18:50:00'),
(134, 'Baliakandi', 13, 1, '2013-08-13 18:50:00'),
(135, 'Goalandaghat', 13, 1, '2013-08-13 18:50:00'),
(136, 'Pangsha', 13, 1, '2013-08-13 18:50:00'),
(137, 'Rajbari Sadar', 13, 1, '2013-08-13 18:50:00'),
(138, 'Kalukhali', 13, 1, '2013-08-13 18:50:00'),
(139, 'Bhedarganj', 14, 1, '2013-08-13 18:50:00'),
(140, 'Damudya', 14, 1, '2013-08-13 18:50:00'),
(141, 'Gosairhat', 14, 1, '2013-08-13 18:50:00'),
(142, 'Naria', 14, 1, '2013-08-13 18:50:00'),
(143, 'Shariatpur Sadar', 14, 1, '2013-08-13 18:50:00'),
(144, 'Zanjira', 14, 1, '2013-08-13 18:50:00'),
(145, 'Sakhipur', 14, 1, '2013-08-13 18:50:00'),
(146, 'Jhenaigati', 15, 1, '2013-08-13 18:50:00'),
(147, 'Nakla', 15, 1, '2013-08-13 18:50:00'),
(148, 'Nalitabari', 15, 1, '2013-08-13 18:50:00'),
(149, 'Sherpur Sadar', 15, 1, '2013-08-13 18:50:00'),
(150, 'Sreebardi', 15, 1, '2013-08-13 18:50:00'),
(151, 'Gopalpur', 16, 1, '2013-08-13 18:50:00'),
(152, 'Basail', 16, 1, '2013-08-13 18:50:00'),
(153, 'Bhuapur', 16, 1, '2013-08-13 18:50:00'),
(154, 'Delduar', 16, 1, '2013-08-13 18:50:00'),
(155, 'Ghatail', 16, 1, '2013-08-13 18:50:00'),
(156, 'Kalihati', 16, 1, '2013-08-13 18:50:00'),
(157, 'Madhupur', 16, 1, '2013-08-13 18:50:00'),
(158, 'Mirzapur', 16, 1, '2013-08-13 18:50:00'),
(159, 'Nagarpur', 16, 1, '2013-08-13 18:50:00'),
(160, 'Sakhipur', 16, 1, '2013-08-13 18:50:00'),
(161, 'Dhanbari', 16, 1, '2013-08-13 18:50:00'),
(162, 'Tangail Sadar', 16, 1, '2013-08-13 18:50:00'),
(163, 'Narsingdi Sadar', 17, 1, '2013-08-13 18:50:00'),
(164, 'Belabo', 17, 1, '2013-08-13 18:50:00'),
(165, 'Monohardi', 17, 1, '2013-08-13 18:50:00'),
(166, 'Palash', 17, 1, '2013-08-13 18:50:00'),
(167, 'Raipura', 17, 1, '2013-08-13 18:50:00'),
(168, 'Shibpur', 17, 1, '2013-08-13 18:50:00'),
(169, 'Adamdighi', 18, 1, '2013-08-13 18:50:00'),
(170, 'Bogra Sadar', 18, 1, '2013-08-13 18:50:00'),
(171, 'Dhunat', 18, 1, '2013-08-13 18:50:00'),
(172, 'Dupchanchia', 18, 1, '2013-08-13 18:50:00'),
(173, 'Gabtali', 18, 1, '2013-08-13 18:50:00'),
(174, 'Kahaloo', 18, 1, '2013-08-13 18:50:00'),
(175, 'Nandigram', 18, 1, '2013-08-13 18:50:00'),
(176, 'Sariakandi', 18, 1, '2013-08-13 18:50:00'),
(177, 'Sahajanpur', 18, 1, '2013-08-13 18:50:00'),
(178, 'Sherpur', 18, 1, '2013-08-13 18:50:00'),
(179, 'Shibganj', 18, 1, '2013-08-13 18:50:00'),
(180, 'Sonatala', 18, 1, '2013-08-13 18:50:00'),
(181, 'Akkelpur', 19, 1, '2013-08-13 18:50:00'),
(182, 'Joypurhat Sadar', 19, 1, '2013-08-13 18:50:00'),
(183, 'Kalai', 19, 1, '2013-08-13 18:50:00'),
(184, 'Khetlal', 19, 1, '2013-08-13 18:50:00'),
(185, 'Panchbibi', 19, 1, '2013-08-13 18:50:00'),
(186, 'Atrai', 20, 1, '2013-08-13 18:50:00'),
(187, 'Badalgachhi', 20, 1, '2013-08-13 18:50:00'),
(188, 'Manda', 20, 1, '2013-08-13 18:50:00'),
(189, 'Dhamoirhat', 20, 1, '2013-08-13 18:50:00'),
(190, 'Mohadevpur', 20, 1, '2013-08-13 18:50:00'),
(191, 'Naogaon Sadar', 20, 1, '2013-08-13 18:50:00'),
(192, 'Niamatpur', 20, 1, '2013-08-13 18:50:00'),
(193, 'Patnitala', 20, 1, '2013-08-13 18:50:00'),
(194, 'Porsha', 20, 1, '2013-08-13 18:50:00'),
(195, 'Raninagar', 20, 1, '2013-08-13 18:50:00'),
(196, 'Sapahar', 20, 1, '2013-08-13 18:50:00'),
(197, 'Bagatipara', 21, 1, '2013-08-13 18:50:00'),
(198, 'Baraigram', 21, 1, '2013-08-13 18:50:00'),
(199, 'Gurudaspur', 21, 1, '2013-08-13 18:50:00'),
(200, 'Lalpur', 21, 1, '2013-08-13 18:50:00'),
(201, 'Natore Sadar', 21, 1, '2013-08-13 18:50:00'),
(202, 'Singra', 21, 1, '2013-08-13 18:50:00'),
(203, 'Bholahat', 22, 1, '2013-08-13 18:50:00'),
(204, 'Gomastapur', 22, 1, '2013-08-13 18:50:00'),
(205, 'Nachole', 22, 1, '2013-08-13 18:50:00'),
(206, 'Nawabganj Sadar', 22, 1, '2013-08-13 18:50:00'),
(207, 'Shibganj', 22, 1, '2013-08-13 18:50:00'),
(208, 'Atgharia', 23, 1, '2013-08-13 18:50:00'),
(209, 'Bera', 23, 1, '2013-08-13 18:50:00'),
(210, 'Bhangura', 23, 1, '2013-08-13 18:50:00'),
(211, 'Chatmohar', 23, 1, '2013-08-13 18:50:00'),
(212, 'Faridpur', 23, 1, '2013-08-13 18:50:00'),
(213, 'Ishwardi', 23, 1, '2013-08-13 18:50:00'),
(214, 'Pabna Sadar', 23, 1, '2013-08-13 18:50:00'),
(215, 'Santhia', 23, 1, '2013-08-13 18:50:00'),
(216, 'Sujanagar', 23, 1, '2013-08-13 18:50:00'),
(217, 'Bagha', 24, 1, '2013-08-13 18:50:00'),
(218, 'Bagmara', 24, 1, '2013-08-13 18:50:00'),
(219, 'Charghat', 24, 1, '2013-08-13 18:50:00'),
(220, 'Durgapur', 24, 1, '2013-08-13 18:50:00'),
(221, 'Godagari', 24, 1, '2013-08-13 18:50:00'),
(222, 'Mohanpur', 24, 1, '2013-08-13 18:50:00'),
(223, 'Paba', 24, 1, '2013-08-13 18:50:00'),
(224, 'Puthia', 24, 1, '2013-08-13 18:50:00'),
(225, 'Tanore', 24, 1, '2013-08-13 18:50:00'),
(226, 'Belkuchi', 25, 1, '2013-08-13 18:50:00'),
(227, 'Chauhali', 25, 1, '2013-08-13 18:50:00'),
(228, 'Kamarkhanda', 25, 1, '2013-08-13 18:50:00'),
(229, 'Kazipur', 25, 1, '2013-08-13 18:50:00'),
(230, 'Raiganj', 25, 1, '2013-08-13 18:50:00'),
(231, 'Shahjadpur', 25, 1, '2013-08-13 18:50:00'),
(232, 'Sirajganj Sadar', 25, 1, '2013-08-13 18:50:00'),
(233, 'Tarash', 25, 1, '2013-08-13 18:50:00'),
(234, 'Ullahpara', 25, 1, '2013-08-13 18:50:00'),
(235, 'Birampur', 26, 1, '2013-08-13 18:50:00'),
(236, 'Birganj', 26, 1, '2013-08-13 18:50:00'),
(237, 'Biral', 26, 1, '2013-08-13 18:50:00'),
(238, 'Bochaganj', 26, 1, '2013-08-13 18:50:00'),
(239, 'Chirirbandar', 26, 1, '2013-08-13 18:50:00'),
(240, 'Phulbari', 26, 1, '2013-08-13 18:50:00'),
(241, 'Ghoraghat', 26, 1, '2013-08-13 18:50:00'),
(242, 'Hakimpur', 26, 1, '2013-08-13 18:50:00'),
(243, 'Kaharole', 26, 1, '2013-08-13 18:50:00'),
(244, 'Khansama', 26, 1, '2013-08-13 18:50:00'),
(245, 'Dinajpur Sadar', 26, 1, '2013-08-13 18:50:00'),
(246, 'Nawabganj', 26, 1, '2013-08-13 18:50:00'),
(247, 'Parbatipur', 26, 1, '2013-08-13 18:50:00'),
(248, 'Phulchhari', 27, 1, '2013-08-13 18:50:00'),
(249, 'Gaibandha Sadar', 27, 1, '2013-08-13 18:50:00'),
(250, 'Gobindaganj', 27, 1, '2013-08-13 18:50:00'),
(251, 'Palashbari', 27, 1, '2013-08-13 18:50:00'),
(252, 'Sadullapur', 27, 1, '2013-08-13 18:50:00'),
(253, 'Sughatta', 27, 1, '2013-08-13 18:50:00'),
(254, 'Sundarganj', 27, 1, '2013-08-13 18:50:00'),
(255, 'Bhurungamari', 28, 1, '2013-08-13 18:50:00'),
(256, 'Char Rajibpur', 28, 1, '2013-08-13 18:50:00'),
(257, 'Chilmari', 28, 1, '2013-08-13 18:50:00'),
(258, 'Phulbari', 28, 1, '2013-08-13 18:50:00'),
(259, 'Kurigram Sadar', 28, 1, '2013-08-13 18:50:00'),
(260, 'Nageshwari', 28, 1, '2013-08-13 18:50:00'),
(261, 'Rajarhat', 28, 1, '2013-08-13 18:50:00'),
(262, 'Raomari', 28, 1, '2013-08-13 18:50:00'),
(263, 'Ulipur', 28, 1, '2013-08-13 18:50:00'),
(264, 'Aditmari', 29, 1, '2013-08-13 18:50:00'),
(265, 'Hatibandha', 29, 1, '2013-08-13 18:50:00'),
(266, 'Kaliganj', 29, 1, '2013-08-13 18:50:00'),
(267, 'Lalmonirhat Sadar', 29, 1, '2013-08-13 18:50:00'),
(268, 'Patgram', 29, 1, '2013-08-13 18:50:00'),
(269, 'Dimla', 30, 1, '2013-08-13 18:50:00'),
(270, 'Domar', 30, 1, '2013-08-13 18:50:00'),
(271, 'Jaldhaka', 30, 1, '2013-08-13 18:50:00'),
(272, 'Kishoreganj', 30, 1, '2013-08-13 18:50:00'),
(273, 'Nilphamari Sadar', 30, 1, '2013-08-13 18:50:00'),
(274, 'Saidpur', 30, 1, '2013-08-13 18:50:00'),
(275, 'Atwari', 31, 1, '2013-08-13 18:50:00'),
(276, 'Boda', 31, 1, '2013-08-13 18:50:00'),
(277, 'Debiganj', 31, 1, '2013-08-13 18:50:00'),
(278, 'Panchagarh Sadar', 31, 1, '2013-08-13 18:50:00'),
(279, 'Tetulia', 31, 1, '2013-08-13 18:50:00'),
(280, 'Badarganj', 32, 1, '2013-08-13 18:50:00'),
(281, 'Gangachhara', 32, 1, '2013-08-13 18:50:00'),
(282, 'Kaunia', 32, 1, '2013-08-13 18:50:00'),
(283, 'Rangpur Sadar', 32, 1, '2013-08-13 18:50:00'),
(284, 'Mithapukur', 32, 1, '2013-08-13 18:50:00'),
(285, 'Pirgachha', 32, 1, '2013-08-13 18:50:00'),
(286, 'Pirganj', 32, 1, '2013-08-13 18:50:00'),
(287, 'Taraganj', 32, 1, '2013-08-13 18:50:00'),
(288, 'Baliadangi', 33, 1, '2013-08-13 18:50:00'),
(289, 'Haripur', 33, 1, '2013-08-13 18:50:00'),
(290, 'Pirganj', 33, 1, '2013-08-13 18:50:00'),
(291, 'Ranisankail', 33, 1, '2013-08-13 18:50:00'),
(292, 'Thakurgaon Sadar', 33, 1, '2013-08-13 18:50:00'),
(293, 'Amtali', 34, 1, '2013-08-13 18:50:00'),
(294, 'Bamna', 34, 1, '2013-08-13 18:50:00'),
(295, 'Barguna Sadar', 34, 1, '2013-08-13 18:50:00'),
(296, 'Betagi', 34, 1, '2013-08-13 18:50:00'),
(297, 'Patharghata', 34, 1, '2013-08-13 18:50:00'),
(298, 'Taltoli', 34, 1, '2013-08-13 18:50:00'),
(299, 'Agailjhara', 35, 1, '2013-08-13 18:50:00'),
(300, 'Babuganj', 35, 1, '2013-08-13 18:50:00'),
(301, 'Bakerganj', 35, 1, '2013-08-13 18:50:00'),
(302, 'Banaripara', 35, 1, '2013-08-13 18:50:00'),
(303, 'Gaurnadi', 35, 1, '2013-08-13 18:50:00'),
(304, 'Hizla', 35, 1, '2013-08-13 18:50:00'),
(305, 'Barisal Sadar', 35, 1, '2013-08-13 18:50:00'),
(306, 'Mehendiganj', 35, 1, '2013-08-13 18:50:00'),
(307, 'Muladi', 35, 1, '2013-08-13 18:50:00'),
(308, 'Wazirpur', 35, 1, '2013-08-13 18:50:00'),
(309, 'Bhola Sadar', 36, 1, '2013-08-13 18:50:00'),
(310, 'Burhanuddin', 36, 1, '2013-08-13 18:50:00'),
(311, 'Char Fasson', 36, 1, '2013-08-13 18:50:00'),
(312, 'Daulatkhan', 36, 1, '2013-08-13 18:50:00'),
(313, 'Lalmohan', 36, 1, '2013-08-13 18:50:00'),
(314, 'Manpura', 36, 1, '2013-08-13 18:50:00'),
(315, 'Tazumuddin', 36, 1, '2013-08-13 18:50:00'),
(316, 'Jhalokati Sadar', 37, 1, '2013-08-13 18:50:00'),
(317, 'Kathalia', 37, 1, '2013-08-13 18:50:00'),
(318, 'Nalchity', 37, 1, '2013-08-13 18:50:00'),
(319, 'Rajapur', 37, 1, '2013-08-13 18:50:00'),
(320, 'Bauphal', 38, 1, '2013-08-13 18:50:00'),
(321, 'Dasmina', 38, 1, '2013-08-13 18:50:00'),
(322, 'Galachipa', 38, 1, '2013-08-13 18:50:00'),
(323, 'Kalapara', 38, 1, '2013-08-13 18:50:00'),
(324, 'Mirzaganj', 38, 1, '2013-08-13 18:50:00'),
(325, 'Patuakhali Sadar', 38, 1, '2013-08-13 18:50:00'),
(326, 'Rangabali', 38, 1, '2013-08-13 18:50:00'),
(327, 'Dumki', 38, 1, '2013-08-13 18:50:00'),
(328, 'Bhandaria', 39, 1, '2013-08-13 18:50:00'),
(329, 'Kawkhali', 39, 1, '2013-08-13 18:50:00'),
(330, 'Mathbaria', 39, 1, '2013-08-13 18:50:00'),
(331, 'Nazirpur', 39, 1, '2013-08-13 18:50:00'),
(332, 'Pirojpur Sadar', 39, 1, '2013-08-13 18:50:00'),
(333, 'Nesarabad (Swarupkati)', 39, 1, '2013-08-13 18:50:00'),
(334, 'Zianagor', 39, 1, '2013-08-13 18:50:00'),
(335, 'Ali Kadam', 40, 1, '2013-08-13 18:50:00'),
(336, 'Bandarban Sadar', 40, 1, '2013-08-13 18:50:00'),
(337, 'Lama', 40, 1, '2013-08-13 18:50:00'),
(338, 'Naikhongchhari', 40, 1, '2013-08-13 18:50:00'),
(339, 'Rowangchhari', 40, 1, '2013-08-13 18:50:00'),
(340, 'Ruma', 40, 1, '2013-08-13 18:50:00'),
(341, 'Thanchi', 40, 1, '2013-08-13 18:50:00'),
(342, 'Akhaura', 41, 1, '2013-08-13 18:50:00'),
(343, 'Bancharampur', 41, 1, '2013-08-13 18:50:00'),
(344, 'Brahmanbaria Sadar', 41, 1, '2013-08-13 18:50:00'),
(345, 'Kasba', 41, 1, '2013-08-13 18:50:00'),
(346, 'Nabinagar', 41, 1, '2013-08-13 18:50:00'),
(347, 'Nasirnagar', 41, 1, '2013-08-13 18:50:00'),
(348, 'Sarail', 41, 1, '2013-08-13 18:50:00'),
(349, 'Ashuganj', 41, 1, '2013-08-13 18:50:00'),
(350, 'Bijoynagar', 41, 1, '2013-08-13 18:50:00'),
(351, 'Chandpur Sadar', 42, 1, '2013-08-13 18:50:00'),
(352, 'Faridganj', 42, 1, '2013-08-13 18:50:00'),
(353, 'Haimchar', 42, 1, '2013-08-13 18:50:00'),
(354, 'Haziganj', 42, 1, '2013-08-13 18:50:00'),
(355, 'Kachua', 42, 1, '2013-08-13 18:50:00'),
(356, 'Matlab', 42, 1, '2013-08-13 18:50:00'),
(357, 'Matlob Uttar', 42, 1, '2013-08-13 18:50:00'),
(358, 'Shahrasti', 42, 1, '2013-08-13 18:50:00'),
(359, 'Anwara', 43, 1, '2013-08-13 18:50:00'),
(360, 'Banshkhali', 43, 1, '2013-08-13 18:50:00'),
(361, 'Boalkhali', 43, 1, '2013-08-13 18:50:00'),
(362, 'Chandanaish', 43, 1, '2013-08-13 18:50:00'),
(363, 'Fatikchhari', 43, 1, '2013-08-13 18:50:00'),
(364, 'Hathazari', 43, 1, '2013-08-13 18:50:00'),
(365, 'Lohagara', 43, 1, '2013-08-13 18:50:00'),
(366, 'Mirsharai', 43, 1, '2013-08-13 18:50:00'),
(367, 'Patiya', 43, 1, '2013-08-13 18:50:00'),
(368, 'Rangunia', 43, 1, '2013-08-13 18:50:00'),
(369, 'Raozan', 43, 1, '2013-08-13 18:50:00'),
(370, 'Sandwip', 43, 1, '2013-08-13 18:50:00'),
(371, 'Satkania', 43, 1, '2013-08-13 18:50:00'),
(372, 'Sitakunda', 43, 1, '2013-08-13 18:50:00'),
(373, 'Barura', 44, 1, '2013-08-13 18:50:00'),
(374, 'Brahmanpara', 44, 1, '2013-08-13 18:50:00'),
(375, 'Burichong', 44, 1, '2013-08-13 18:50:00'),
(376, 'Chandina', 44, 1, '2013-08-13 18:50:00'),
(377, 'Chauddagram', 44, 1, '2013-08-13 18:50:00'),
(378, 'Daudkandi', 44, 1, '2013-08-13 18:50:00'),
(379, 'Debidwar', 44, 1, '2013-08-13 18:50:00'),
(380, 'Homna', 44, 1, '2013-08-13 18:50:00'),
(381, 'Laksham', 44, 1, '2013-08-13 18:50:00'),
(382, 'Muradnagar', 44, 1, '2013-08-13 18:50:00'),
(383, 'Nangalkot', 44, 1, '2013-08-13 18:50:00'),
(384, 'Comilla Sadar', 44, 1, '2013-08-13 18:50:00'),
(385, 'Meghna', 44, 1, '2013-08-13 18:50:00'),
(386, 'Titas', 44, 1, '2013-08-13 18:50:00'),
(387, 'Monohargonj', 44, 1, '2013-08-13 18:50:00'),
(388, 'Sadar South', 44, 1, '2013-08-13 18:50:00'),
(389, 'Bangodda', 44, 1, '2013-08-13 18:50:00'),
(390, '-', 44, 1, '2013-08-13 18:50:00'),
(391, 'Chakaria', 45, 1, '2013-08-13 18:50:00'),
(392, 'Cox''s Bazar Sadar', 45, 1, '2013-08-13 18:50:00'),
(393, 'Kutubdia', 45, 1, '2013-08-13 18:50:00'),
(394, 'Maheshkhali', 45, 1, '2013-08-13 18:50:00'),
(395, 'Ramu', 45, 1, '2013-08-13 18:50:00'),
(396, 'Teknaf', 45, 1, '2013-08-13 18:50:00'),
(397, 'Ukhia', 45, 1, '2013-08-13 18:50:00'),
(398, 'Pekua', 45, 1, '2013-08-13 18:50:00'),
(399, 'Chagalnaiya', 46, 1, '2013-08-13 18:50:00'),
(400, 'Daganbhuiyan', 46, 1, '2013-08-13 18:50:00'),
(401, 'Feni Sadar', 46, 1, '2013-08-13 18:50:00'),
(402, 'Parshuram', 46, 1, '2013-08-13 18:50:00'),
(403, 'Sonagazi', 46, 1, '2013-08-13 18:50:00'),
(404, 'Fulgazi', 46, 1, '2013-08-13 18:50:00'),
(405, 'Dighinala', 47, 1, '2013-08-13 18:50:00'),
(406, 'Khagrachhari', 47, 1, '2013-08-13 18:50:00'),
(407, 'Lakshmichhari', 47, 1, '2013-08-13 18:50:00'),
(408, 'Mahalchhari', 47, 1, '2013-08-13 18:50:00'),
(409, 'Manikchhari', 47, 1, '2013-08-13 18:50:00'),
(410, 'Matiranga', 47, 1, '2013-08-13 18:50:00'),
(411, 'Panchhari', 47, 1, '2013-08-13 18:50:00'),
(412, 'Ramgarh', 47, 1, '2013-08-13 18:50:00'),
(413, 'Lakshmipur Sadar', 48, 1, '2013-08-13 18:50:00'),
(414, 'Raipur', 48, 1, '2013-08-13 18:50:00'),
(415, 'Ramganj', 48, 1, '2013-08-13 18:50:00'),
(416, 'Ramgati', 48, 1, '2013-08-13 18:50:00'),
(417, 'Komolnagar', 48, 1, '2013-08-13 18:50:00'),
(418, 'Begumganj', 49, 1, '2013-08-13 18:50:00'),
(419, 'Noakhali Sadar', 49, 1, '2013-08-13 18:50:00'),
(420, 'Chatkhil', 49, 1, '2013-08-13 18:50:00'),
(421, 'Companiganj', 49, 1, '2013-08-13 18:50:00'),
(422, 'Hatiya', 49, 1, '2013-08-13 18:50:00'),
(423, 'Senbagh', 49, 1, '2013-08-13 18:50:00'),
(424, 'Sonaimuri', 49, 1, '2013-08-13 18:50:00'),
(425, 'Subarnachar', 49, 1, '2013-08-13 18:50:00'),
(426, 'Kabirhat', 49, 1, '2013-08-13 18:50:00'),
(427, 'Bagaichhari', 50, 1, '2013-08-13 18:50:00'),
(428, 'Barkal', 50, 1, '2013-08-13 18:50:00'),
(429, 'Kawkhali (Betbunia)', 50, 1, '2013-08-13 18:50:00'),
(430, 'Belaichhari', 50, 1, '2013-08-13 18:50:00'),
(431, 'Kaptai', 50, 1, '2013-08-13 18:50:00'),
(432, 'Juraichhari', 50, 1, '2013-08-13 18:50:00'),
(433, 'Langadu', 50, 1, '2013-08-13 18:50:00'),
(434, 'Mannerchar', 50, 1, '2013-08-13 18:50:00'),
(435, 'Rajasthali', 50, 1, '2013-08-13 18:50:00'),
(436, 'Rangamati Sadar', 50, 1, '2013-08-13 18:50:00'),
(437, 'Ajmiriganj', 51, 1, '2013-08-13 18:50:00'),
(438, 'Bahubal', 51, 1, '2013-08-13 18:50:00'),
(439, 'Baniyachong', 51, 1, '2013-08-13 18:50:00'),
(440, 'Chunarughat', 51, 1, '2013-08-13 18:50:00'),
(441, 'Habiganj Sadar', 51, 1, '2013-08-13 18:50:00'),
(442, 'Lakhai', 51, 1, '2013-08-13 18:50:00'),
(443, 'Madhabpur', 51, 1, '2013-08-13 18:50:00'),
(444, 'Nabiganj', 51, 1, '2013-08-13 18:50:00'),
(445, 'Barlekha', 52, 1, '2013-08-13 18:50:00'),
(446, 'Kamalganj', 52, 1, '2013-08-13 18:50:00'),
(447, 'Kulaura', 52, 1, '2013-08-13 18:50:00'),
(448, 'Maulvibazar Sadar', 52, 1, '2013-08-13 18:50:00'),
(449, 'Rajnagar', 52, 1, '2013-08-13 18:50:00'),
(450, 'Sreemangal', 52, 1, '2013-08-13 18:50:00'),
(451, 'Juri', 52, 1, '2013-08-13 18:50:00'),
(452, 'Bishwamvarpur', 53, 1, '2013-08-13 18:50:00'),
(453, 'Chhatak', 53, 1, '2013-08-13 18:50:00'),
(454, 'Derai', 53, 1, '2013-08-13 18:50:00'),
(455, 'Dharampasha', 53, 1, '2013-08-13 18:50:00'),
(456, 'Dowarabazar', 53, 1, '2013-08-13 18:50:00'),
(457, 'Jagannathpur', 53, 1, '2013-08-13 18:50:00'),
(458, 'Jamalganj', 53, 1, '2013-08-13 18:50:00'),
(459, 'Sullah', 53, 1, '2013-08-13 18:50:00'),
(460, 'Sunamganj Sadar', 53, 1, '2013-08-13 18:50:00'),
(461, 'Tahirpur', 53, 1, '2013-08-13 18:50:00'),
(462, 'South Sunamganj', 53, 1, '2013-08-13 18:50:00'),
(463, 'Balaganj', 54, 1, '2013-08-13 18:50:00'),
(464, 'Beanibazar', 54, 1, '2013-08-13 18:50:00'),
(465, 'Bishwanath', 54, 1, '2013-08-13 18:50:00'),
(466, 'Companigonj', 54, 1, '2013-08-13 18:50:00'),
(467, 'Fenchuganj', 54, 1, '2013-08-13 18:50:00'),
(468, 'Golapganj', 54, 1, '2013-08-13 18:50:00'),
(469, 'Gowainghat', 54, 1, '2013-08-13 18:50:00'),
(470, 'Jaintiapur', 54, 1, '2013-08-13 18:50:00'),
(471, 'Kanaighat', 54, 1, '2013-08-13 18:50:00'),
(472, 'Sylhet Sadar', 54, 1, '2013-08-13 18:50:00'),
(473, 'Zakiganj', 54, 1, '2013-08-13 18:50:00'),
(474, 'South Shurma', 54, 1, '2013-08-13 18:50:00'),
(475, 'Bagerhat Sadar', 55, 1, '2013-08-13 18:50:00'),
(476, 'Chitalmari', 55, 1, '2013-08-13 18:50:00'),
(477, 'Fakirhat', 55, 1, '2013-08-13 18:50:00'),
(478, 'Kachua', 55, 1, '2013-08-13 18:50:00'),
(479, 'Mollahat', 55, 1, '2013-08-13 18:50:00'),
(480, 'Mongla', 55, 1, '2013-08-13 18:50:00'),
(481, 'Morrelganj', 55, 1, '2013-08-13 18:50:00'),
(482, 'Rampal', 55, 1, '2013-08-13 18:50:00'),
(483, 'Sarankhola', 55, 1, '2013-08-13 18:50:00'),
(484, 'Alamdanga', 56, 1, '2013-08-13 18:50:00'),
(485, 'Chuadanga Sadar', 56, 1, '2013-08-13 18:50:00'),
(486, 'Damurhuda', 56, 1, '2013-08-13 18:50:00'),
(487, 'Jibannagar', 56, 1, '2013-08-13 18:50:00'),
(488, 'Abhaynagar', 57, 1, '2013-08-13 18:50:00'),
(489, 'Bagherpara', 57, 1, '2013-08-13 18:50:00'),
(490, 'Chaugachha', 57, 1, '2013-08-13 18:50:00'),
(491, 'Jhikargachha', 57, 1, '2013-08-13 18:50:00'),
(492, 'Keshabpur', 57, 1, '2013-08-13 18:50:00'),
(493, 'Jessore Sadar', 57, 1, '2013-08-13 18:50:00'),
(494, 'Manirampur', 57, 1, '2013-08-13 18:50:00'),
(495, 'Sharsha', 57, 1, '2013-08-13 18:50:00'),
(496, 'Harinakunda', 58, 1, '2013-08-13 18:50:00'),
(497, 'Jhenaidah Sadar', 58, 1, '2013-08-13 18:50:00'),
(498, 'Kaliganj', 58, 1, '2013-08-13 18:50:00'),
(499, 'Kotchandpur', 58, 1, '2013-08-13 18:50:00'),
(500, 'Maheshpur', 58, 1, '2013-08-13 18:50:00'),
(501, 'Shailkupa', 58, 1, '2013-08-13 18:50:00'),
(502, 'Batiaghata', 59, 1, '2013-08-13 18:50:00'),
(503, 'Dacope', 59, 1, '2013-08-13 18:50:00'),
(504, 'Dumuria', 59, 1, '2013-08-13 18:50:00'),
(505, 'Dighalia', 59, 1, '2013-08-13 18:50:00'),
(506, 'Koyra', 59, 1, '2013-08-13 18:50:00'),
(507, 'Paikgachha', 59, 1, '2013-08-13 18:50:00'),
(508, 'Phultala', 59, 1, '2013-08-13 18:50:00'),
(509, 'Rupsha', 59, 1, '2013-08-13 18:50:00'),
(510, 'Terokhada', 59, 1, '2013-08-13 18:50:00'),
(511, 'Khulna Sadar', 59, 1, '2013-08-13 18:50:00'),
(512, 'Boyra', 59, 1, '2013-08-13 18:50:00'),
(513, 'Bheramara', 60, 1, '2013-08-13 18:50:00'),
(514, 'Daulatpur', 60, 1, '2013-08-13 18:50:00'),
(515, 'Khoksa', 60, 1, '2013-08-13 18:50:00'),
(516, 'Kumarkhali', 60, 1, '2013-08-13 18:50:00'),
(517, 'Kushtia Sadar', 60, 1, '2013-08-13 18:50:00'),
(518, 'Mirpur', 60, 1, '2013-08-13 18:50:00'),
(519, 'Shekhpara', 60, 1, '2013-08-13 18:50:00'),
(520, 'Magura Sadar', 61, 1, '2013-08-13 18:50:00'),
(521, 'Mohammadpur', 61, 1, '2013-08-13 18:50:00'),
(522, 'Shalikha', 61, 1, '2013-08-13 18:50:00'),
(523, 'Sreepur', 61, 1, '2013-08-13 18:50:00'),
(524, 'Gangni', 62, 1, '2013-08-13 18:50:00'),
(525, 'Meherpur Sadar', 62, 1, '2013-08-13 18:50:00'),
(526, 'Mujibnagar', 62, 1, '2013-08-13 18:50:00'),
(527, 'Kalia', 63, 1, '2013-08-13 18:50:00'),
(528, 'Lohagara', 63, 1, '2013-08-13 18:50:00'),
(529, 'Narail Sadar', 63, 1, '2013-08-13 18:50:00'),
(530, 'Naragati', 63, 1, '2013-08-13 18:50:00'),
(531, 'Assasuni', 64, 1, '2013-08-13 18:50:00'),
(532, 'Debhata', 64, 1, '2013-08-13 18:50:00'),
(533, 'Kalaroa', 64, 1, '2013-08-13 18:50:00'),
(534, 'Kaliganj', 64, 1, '2013-08-13 18:50:00'),
(535, 'Satkhira Sadar', 64, 1, '2013-08-13 18:50:00'),
(536, 'Shyamnagar', 64, 1, '2013-08-13 18:50:00'),
(537, 'Tala', 64, 1, '2013-08-13 18:50:00'),
(538, 'Double Mooring', 43, 1, '2014-05-12 18:30:00'),
(539, 'Kotwali', 43, 1, '2014-05-14 16:23:00'),
(540, 'Shahporan', 54, 1, '2014-05-14 18:27:00'),
(541, 'Baizid Bostami', 43, 1, '2014-06-15 00:00:00'),
(542, 'Panachlish', 43, 1, '2014-06-15 00:00:00'),
(543, 'Pahartoli', 43, 1, '2014-06-15 00:00:00'),
(544, 'Banani', 1, 1, '2014-06-16 00:00:00'),
(545, 'Karnafuly', 43, 1, '2014-06-23 00:00:00'),
(546, 'Chandgaon', 43, 1, '2014-08-04 00:00:00'),
(547, 'Pahartali', 43, 1, '2014-08-04 00:00:00'),
(548, 'Panchlais', 43, 1, '2014-08-04 00:00:00'),
(549, 'Bandar', 43, 1, '2014-08-04 00:00:00'),
(550, 'Halishohor', 43, 1, '2014-08-04 00:00:00'),
(551, 'Bakoliya', 43, 1, '2014-08-04 00:00:00'),
(552, 'Patenga', 43, 1, '2014-08-04 00:00:00'),
(553, 'Khulshi', 43, 1, '2014-08-04 00:00:00'),
(554, 'Bondor', 43, 1, '2014-08-04 00:00:00'),
(555, 'Akbor Sha', 43, 1, '2014-08-04 00:00:00'),
(556, 'EPZ', 43, 1, '2014-08-04 00:00:00'),
(557, 'Chowkbazar', 43, 1, '2014-08-04 00:00:00'),
(558, 'Jorargonj', 43, 1, '2014-08-04 00:00:00'),
(559, 'Mugdapara', 1, 1, '2014-08-20 00:00:00'),
(560, 'Sahajahanpur', 1, 1, '2014-08-24 00:00:00'),
(561, 'Sonadanga', 59, 1, '2014-09-02 00:00:00'),
(562, 'Khanjahan Ali', 59, 1, '2014-10-02 00:00:00'),
(563, 'Naya Paltan', 1, 1, '2014-11-06 12:03:32'),
(564, 'Wari', 1, 1, '2014-11-06 12:03:35'),
(565, 'Basabo', 1, 1, '2014-11-06 12:03:36'),
(566, 'Bhelanagar', 65, 1, '2014-11-06 12:03:37'),
(567, 'Joydevpur', 3, 1, '2014-11-06 12:03:40'),
(568, 'Ashulia', 1, 1, '2014-11-06 12:03:40'),
(569, 'Madanpur', 11, 1, '2014-11-06 12:03:40'),
(570, 'Agrabad', 43, 1, '2014-11-06 12:03:41'),
(571, 'Khatungonj', 43, 1, '2014-11-06 12:03:41'),
(572, 'Nasirabad', 43, 1, '2014-11-06 12:03:41'),
(573, 'Jublee Road', 43, 1, '2014-11-06 12:03:42'),
(574, 'Laldighirpar', 54, 1, '2014-11-06 12:03:43'),
(575, 'Zindabazar', 54, 1, '2014-11-06 12:03:43'),
(576, 'Boalia', 24, 1, '2014-11-06 12:03:44'),
(577, 'Boro Bazar Sarak', 64, 1, '2014-11-06 12:03:45'),
(578, 'Chowmuhuni', 49, 1, '2014-11-06 12:03:45'),
(579, 'Feni', 46, 1, '2014-11-06 12:03:46'),
(580, 'Maulvibazar', 52, 1, '2014-11-06 12:03:48'),
(581, 'Moulvibazar', 68, 1, '2014-11-06 12:03:49'),
(582, 'Gallamari', 70, 1, '2014-11-06 12:03:51'),
(583, 'Payrachattar', 32, 1, '2014-11-06 12:03:52'),
(585, 'Muradpur', 72, 1, '2014-11-06 12:03:54'),
(586, 'Lohagora', 43, 1, '2014-11-06 12:03:54'),
(588, 'Chittagong Sadar', 43, 1, '2014-11-06 12:03:55'),
(590, 'Rajshai Sadar', 24, 1, '2014-11-06 12:03:59'),
(592, 'Companigonj', 49, 1, '2014-11-06 12:04:05'),
(593, 'Omarpur', 54, 1, '2014-11-06 12:04:07'),
(594, 'Golapgonj', 54, 1, '2014-11-06 12:04:10'),
(596, 'Siddirgonj', 11, 1, '2014-11-06 12:04:12'),
(598, 'Parbotipur', 26, 1, '2014-11-06 12:04:19'),
(600, 'Jurain', 1, 1, '2014-11-06 12:04:22'),
(601, 'Elenga', 16, 1, '2014-11-06 12:04:30'),
(603, 'Pulhat', 26, 1, '2014-11-06 12:04:33'),
(604, 'Haragacha', 32, 1, '2014-11-06 12:04:34'),
(605, 'Vatara', 1, 1, '2014-11-06 12:04:35'),
(606, 'Bahaddarhat', 56, 1, '2014-11-06 12:04:35'),
(607, 'Kesobpur', 64, 1, '2014-11-06 12:04:44'),
(608, 'Benapole', 57, 1, '2014-11-06 12:04:46'),
(609, 'Eidgaon', 45, 1, '2014-11-06 12:04:48'),
(610, 'Ramgong', 48, 1, '2014-11-06 12:04:57'),
(612, 'Torki', 35, 1, '2014-11-06 12:04:58'),
(613, 'Doulatpur', 59, 1, '2014-11-06 12:05:00'),
(615, 'Bakshigonj', 5, 1, '2014-11-06 12:05:03'),
(617, 'Airport', 1, 1, '2014-11-06 12:05:07'),
(618, 'Hajigonj', 42, 1, '2014-11-06 12:05:13'),
(620, 'Dhupchanchia', 18, 1, '2014-11-06 12:05:15'),
(621, 'Abhoynagar', 57, 1, '2014-11-06 12:05:17'),
(623, 'Chapainawabganj Sadar', 75, 1, '2014-11-06 12:05:27'),
(625, 'Jalalabad', 43, 1, '2014-11-09 09:54:10'),
(626, 'Sonapur Sadar', 49, 1, '2014-11-10 00:00:00');
